PATIENT_ID,AGE,SEX,RACE,ETHNICITY,KARNOFSKY_PERFORMANCE_SCORE,HISTORY_LGG_DX_OF_BRAIN_TISSUE,RADIATION_TREATMENT_ADJUVANT,PHARMACEUTICAL_TX_ADJUVANT,IDH_STATUS,MGMT_STATUS,SURVIVED_12MO,OS_MONTHS,DECEASED
TCGA-02-0001,44,Female,WHITE,NOT HISPANIC OR LATINO,80.0,NO,,,,Unmethylated,0,11.76,1.0
TCGA-02-0003,50,Male,WHITE,NOT HISPANIC OR LATINO,100.0,NO,,,Wildtype,Unmethylated,0,4.73,1.0
TCGA-02-0004,59,Male,WHITE,NOT HISPANIC OR LATINO,80.0,NO,,,,,0,11.33,1.0
TCGA-02-0006,56,Female,WHITE,NOT HISPANIC OR LATINO,80.0,NO,,,,Unmethylated,1,18.33,1.0
TCGA-02-0007,40,Female,WHITE,NOT HISPANIC OR LATINO,80.0,NO,,,,Unmethylated,1,23.16,1.0
TCGA-02-0009,61,Female,WHITE,NOT HISPANIC OR LATINO,80.0,NO,,,,Unmethylated,0,10.58,1.0
TCGA-02-0010,20,Female,WHITE,NOT HISPANIC OR LATINO,80.0,NO,,,,Methylated,1,35.38,1.0
TCGA-02-0011,18,Female,WHITE,HISPANIC OR LATINO,80.0,NO,,,,Methylated,1,20.7,1.0
TCGA-02-0014,25,Male,WHITE,NOT HISPANIC OR LATINO,100.0,NO,,,,Unmethylated,1,82.52,1.0
TCGA-02-0015,50,Male,WHITE,NOT HISPANIC OR LATINO,80.0,NO,,,,,1,20.6,1.0
TCGA-02-0016,50,Male,WHITE,NOT HISPANIC OR LATINO,100.0,NO,,,,,1,86.99,1.0
TCGA-02-0021,43,Female,WHITE,NOT HISPANIC OR LATINO,80.0,NO,,,,Methylated,1,77.6,1.0
TCGA-02-0023,38,Female,WHITE,NOT HISPANIC OR LATINO,80.0,NO,,,,,1,20.11,1.0
TCGA-02-0024,35,Male,WHITE,NOT HISPANIC OR LATINO,100.0,NO,,,,Unmethylated,1,53.06,1.0
TCGA-02-0025,47,Male,WHITE,NOT HISPANIC OR LATINO,100.0,NO,,,,,1,42.71,1.0
TCGA-02-0026,27,Male,WHITE,NOT HISPANIC OR LATINO,80.0,NO,,,,,1,24.57,1.0
TCGA-02-0027,33,Female,WHITE,NOT HISPANIC OR LATINO,100.0,NO,,,,Unmethylated,1,12.16,1.0
TCGA-02-0028,39,Male,WHITE,NOT HISPANIC OR LATINO,100.0,NO,,,,Methylated,1,90.51,1.0
TCGA-02-0033,54,Male,WHITE,,100.0,NO,,,Wildtype,Unmethylated,0,2.83,1.0
TCGA-02-0034,60,Male,WHITE,NOT HISPANIC OR LATINO,80.0,NO,,,,Unmethylated,1,14.13,1.0
TCGA-02-0037,74,Female,WHITE,NOT HISPANIC OR LATINO,80.0,NO,,,,Methylated,0,3.61,1.0
TCGA-02-0038,48,Female,WHITE,NOT HISPANIC OR LATINO,80.0,NO,,,,Unmethylated,0,10.71,1.0
TCGA-02-0039,54,Male,WHITE,NOT HISPANIC OR LATINO,60.0,NO,,,,,0,10.51,1.0
TCGA-02-0043,54,Female,WHITE,HISPANIC OR LATINO,80.0,NO,,,,Methylated,1,18.3,1.0
TCGA-02-0046,61,Male,BLACK OR AFRICAN AMERICAN,,60.0,NO,,,,Unmethylated,0,6.87,1.0
TCGA-02-0047,78,Male,WHITE,NOT HISPANIC OR LATINO,80.0,NO,,,Wildtype,Unmethylated,1,14.72,1.0
TCGA-02-0048,80,Male,,,,NO,,,,,0,3.22,1.0
TCGA-02-0051,43,Male,WHITE,NOT HISPANIC OR LATINO,100.0,NO,,,,,1,15.08,1.0
TCGA-02-0052,49,Male,WHITE,NOT HISPANIC OR LATINO,80.0,NO,,,,Unmethylated,1,12.58,1.0
TCGA-02-0054,44,Female,WHITE,NOT HISPANIC OR LATINO,80.0,NO,,,,Unmethylated,0,6.54,1.0
TCGA-02-0055,62,Female,WHITE,NOT HISPANIC OR LATINO,80.0,NO,,,Wildtype,Unmethylated,0,2.5,1.0
TCGA-02-0057,66,Female,WHITE,NOT HISPANIC OR LATINO,80.0,NO,,,,Unmethylated,1,19.84,1.0
TCGA-02-0058,28,Female,WHITE,NOT HISPANIC OR LATINO,80.0,YES,,,,Unmethylated,0,8.34,1.0
TCGA-02-0059,68,Female,WHITE,NOT HISPANIC OR LATINO,80.0,NO,,,,,0,9.56,1.0
TCGA-02-0060,66,Female,ASIAN,NOT HISPANIC OR LATINO,80.0,NO,,,,Methylated,0,6.01,1.0
TCGA-02-0064,50,Male,WHITE,NOT HISPANIC OR LATINO,100.0,NO,,,,Unmethylated,1,19.71,1.0
TCGA-02-0068,57,Male,WHITE,NOT HISPANIC OR LATINO,80.0,NO,,,,,1,26.41,1.0
TCGA-02-0069,31,Female,ASIAN,NOT HISPANIC OR LATINO,80.0,NO,,,,Unmethylated,1,28.68,0.0
TCGA-02-0070,70,Male,WHITE,NOT HISPANIC OR LATINO,80.0,NO,,,,,1,25.03,0.0
TCGA-02-0071,53,Male,WHITE,NOT HISPANIC OR LATINO,80.0,NO,,,,Methylated,0,5.49,1.0
TCGA-02-0074,68,Female,WHITE,NOT HISPANIC OR LATINO,80.0,NO,,,,Unmethylated,0,10.18,1.0
TCGA-02-0075,63,Male,WHITE,NOT HISPANIC OR LATINO,80.0,NO,,,,Methylated,1,20.83,1.0
TCGA-02-0079,57,Male,WHITE,NOT HISPANIC OR LATINO,80.0,NO,,,,,1,27.23,1.0
TCGA-02-0080,28,Male,WHITE,NOT HISPANIC OR LATINO,80.0,NO,,,,Unmethylated,1,89.65,1.0
TCGA-02-0083,59,Female,WHITE,NOT HISPANIC OR LATINO,80.0,NO,,,,Methylated,1,22.7,1.0
TCGA-02-0084,36,Female,WHITE,HISPANIC OR LATINO,80.0,NO,,,,,1,12.61,1.0
TCGA-02-0085,63,Female,WHITE,NOT HISPANIC OR LATINO,80.0,NO,,,,Methylated,1,51.28,1.0
TCGA-02-0086,45,Female,WHITE,NOT HISPANIC OR LATINO,100.0,NO,,,,Unmethylated,0,8.8,1.0
TCGA-02-0087,27,Female,WHITE,NOT HISPANIC OR LATINO,80.0,NO,,,,,1,57.72,0.0
TCGA-02-0089,52,Male,WHITE,NOT HISPANIC OR LATINO,100.0,NO,,,,Unmethylated,1,16.95,1.0
TCGA-02-0099,46,Male,WHITE,NOT HISPANIC OR LATINO,80.0,NO,,,,Methylated,0,3.48,1.0
TCGA-02-0102,42,Male,WHITE,NOT HISPANIC OR LATINO,100.0,NO,,,,Unmethylated,1,27.0,1.0
TCGA-02-0104,29,Female,WHITE,NOT HISPANIC OR LATINO,80.0,NO,,,,,1,64.95,1.0
TCGA-02-0106,54,Male,WHITE,NOT HISPANIC OR LATINO,80.0,NO,,,,,0,11.66,1.0
TCGA-02-0107,56,Male,WHITE,NOT HISPANIC OR LATINO,80.0,NO,,,,Unmethylated,1,17.64,1.0
TCGA-02-0111,56,Male,ASIAN,NOT HISPANIC OR LATINO,80.0,NO,,,,,1,23.16,1.0
TCGA-02-0113,43,Female,WHITE,NOT HISPANIC OR LATINO,100.0,NO,,,,Unmethylated,1,92.58,0.0
TCGA-02-0114,37,Female,BLACK OR AFRICAN AMERICAN,NOT HISPANIC OR LATINO,80.0,NO,,,,Methylated,1,99.9,1.0
TCGA-02-0115,52,Male,ASIAN,NOT HISPANIC OR LATINO,80.0,NO,,,,Unmethylated,1,15.64,1.0
TCGA-02-0116,51,Male,WHITE,NOT HISPANIC OR LATINO,80.0,NO,,,,Methylated,1,48.92,1.0
TCGA-02-0258,36,Female,WHITE,NOT HISPANIC OR LATINO,,NO,,,,,1,16.52,1.0
TCGA-02-0260,54,Male,WHITE,HISPANIC OR LATINO,,NO,,,,,1,16.92,1.0
TCGA-02-0266,14,Male,,HISPANIC OR LATINO,,NO,,,,,1,17.71,1.0
TCGA-02-0269,68,Male,WHITE,NOT HISPANIC OR LATINO,,NO,,,,,0,10.74,1.0
TCGA-02-0271,26,Male,,,,NO,,,,,1,14.45,1.0
TCGA-02-0281,78,Female,WHITE,NOT HISPANIC OR LATINO,,NO,,,,,0,3.98,1.0
TCGA-02-0285,50,Female,WHITE,NOT HISPANIC OR LATINO,,NO,,,,,1,13.86,1.0
TCGA-02-0289,57,Male,WHITE,NOT HISPANIC OR LATINO,80.0,NO,,,,,1,14.19,1.0
TCGA-02-0290,49,Male,WHITE,NOT HISPANIC OR LATINO,80.0,NO,,,,,1,15.93,1.0
TCGA-02-0317,40,Male,WHITE,NOT HISPANIC OR LATINO,80.0,NO,,,,,1,12.22,1.0
TCGA-02-0321,74,Male,WHITE,NOT HISPANIC OR LATINO,80.0,NO,,,,,0,9.89,1.0
TCGA-02-0324,69,Female,,NOT HISPANIC OR LATINO,80.0,NO,,,,,0,7.72,1.0
TCGA-02-0325,61,Male,WHITE,NOT HISPANIC OR LATINO,80.0,NO,,,,,0,10.61,1.0
TCGA-02-0326,82,Female,WHITE,NOT HISPANIC OR LATINO,80.0,NO,,,,,0,7.33,1.0
TCGA-02-0330,51,Female,BLACK OR AFRICAN AMERICAN,NOT HISPANIC OR LATINO,80.0,NO,,,,,1,15.9,1.0
TCGA-02-0332,46,Female,WHITE,NOT HISPANIC OR LATINO,80.0,NO,,,,,1,25.69,1.0
TCGA-02-0333,77,Female,WHITE,NOT HISPANIC OR LATINO,,NO,,,,,0,4.37,1.0
TCGA-02-0337,48,Male,WHITE,NOT HISPANIC OR LATINO,80.0,NO,,,,,1,25.1,1.0
TCGA-02-0338,41,Male,WHITE,NOT HISPANIC OR LATINO,80.0,NO,,,,,0,10.58,1.0
TCGA-02-0339,67,Male,WHITE,NOT HISPANIC OR LATINO,80.0,NO,,,,,1,12.39,1.0
TCGA-02-0422,50,Male,WHITE,NOT HISPANIC OR LATINO,80.0,NO,,,,,1,14.49,1.0
TCGA-02-0430,67,Female,WHITE,NOT HISPANIC OR LATINO,100.0,NO,,,,,0,10.55,1.0
TCGA-02-0432,36,Male,WHITE,NOT HISPANIC OR LATINO,80.0,NO,,,,,1,47.08,1.0
TCGA-02-0439,70,Female,WHITE,NOT HISPANIC OR LATINO,80.0,NO,,,,,0,0.66,1.0
TCGA-02-0440,62,Male,WHITE,NOT HISPANIC OR LATINO,80.0,NO,,,,,0,11.33,1.0
TCGA-02-0446,61,Male,WHITE,NOT HISPANIC OR LATINO,80.0,NO,,,,,0,9.26,1.0
TCGA-02-0451,62,Female,WHITE,NOT HISPANIC OR LATINO,80.0,NO,,,,,1,16.2,1.0
TCGA-02-0456,67,Female,WHITE,NOT HISPANIC OR LATINO,60.0,NO,,,,,0,3.35,1.0
TCGA-02-2466,61,Male,WHITE,NOT HISPANIC OR LATINO,80.0,NO,,,,Unmethylated,1,16.79,1.0
TCGA-02-2470,57,Male,WHITE,NOT HISPANIC OR LATINO,60.0,NO,,,Wildtype,Unmethylated,1,12.91,1.0
TCGA-02-2483,43,Male,ASIAN,NOT HISPANIC OR LATINO,80.0,NO,,,Mutant,Methylated,1,15.31,0.0
TCGA-02-2485,53,Male,BLACK OR AFRICAN AMERICAN,NOT HISPANIC OR LATINO,80.0,NO,,,Wildtype,Unmethylated,1,15.44,0.0
TCGA-02-2486,64,Male,WHITE,NOT HISPANIC OR LATINO,80.0,NO,,,Wildtype,Unmethylated,1,20.3,1.0
TCGA-06-0119,81,Female,WHITE,NOT HISPANIC OR LATINO,,NO,NO,YES,Wildtype,Unmethylated,0,2.69,1.0
TCGA-06-0122,84,Female,WHITE,NOT HISPANIC OR LATINO,,NO,,,Wildtype,Unmethylated,0,6.14,1.0
TCGA-06-0124,67,Male,WHITE,NOT HISPANIC OR LATINO,,NO,,,Wildtype,Unmethylated,1,20.37,1.0
TCGA-06-0125,63,Female,WHITE,NOT HISPANIC OR LATINO,60.0,NO,,,Wildtype,Unmethylated,1,47.57,1.0
TCGA-06-0126,86,Male,WHITE,NOT HISPANIC OR LATINO,60.0,NO,,,Wildtype,Unmethylated,0,6.93,1.0
TCGA-06-0127,67,Male,WHITE,NOT HISPANIC OR LATINO,60.0,NO,,,,,0,3.98,1.0
TCGA-06-0128,66,Male,WHITE,NOT HISPANIC OR LATINO,80.0,NO,,,Mutant,Methylated,1,22.7,1.0
TCGA-06-0129,30,Male,ASIAN,NOT HISPANIC OR LATINO,100.0,NO,,,Mutant,Methylated,1,33.64,1.0
TCGA-06-0130,54,Male,WHITE,NOT HISPANIC OR LATINO,80.0,NO,,,Wildtype,Unmethylated,1,12.94,1.0
TCGA-06-0132,49,Male,WHITE,NOT HISPANIC OR LATINO,,NO,,,Wildtype,,1,25.33,1.0
TCGA-06-0133,64,Male,WHITE,NOT HISPANIC OR LATINO,,NO,,,,Unmethylated,1,14.29,1.0
TCGA-06-0137,63,Female,WHITE,NOT HISPANIC OR LATINO,,NO,,,Wildtype,Methylated,1,26.68,1.0
TCGA-06-0138,43,Male,WHITE,NOT HISPANIC OR LATINO,80.0,NO,,,,,1,24.21,1.0
TCGA-06-0139,40,Male,WHITE,NOT HISPANIC OR LATINO,60.0,NO,,,Wildtype,Unmethylated,0,11.89,1.0
TCGA-06-0140,86,Male,WHITE,NOT HISPANIC OR LATINO,90.0,NO,NO,NO,Wildtype,Unmethylated,0,0.2,1.0
TCGA-06-0141,62,Male,WHITE,NOT HISPANIC OR LATINO,80.0,NO,,,Wildtype,Unmethylated,0,10.28,1.0
TCGA-06-0142,81,Male,WHITE,NOT HISPANIC OR LATINO,,NO,NO,NO,Wildtype,Unmethylated,0,2.2,1.0
TCGA-06-0143,58,Male,WHITE,NOT HISPANIC OR LATINO,60.0,NO,,,,Unmethylated,0,11.73,1.0
TCGA-06-0145,53,Female,WHITE,NOT HISPANIC OR LATINO,,NO,,,Wildtype,Methylated,0,2.33,1.0
TCGA-06-0146,33,Female,WHITE,NOT HISPANIC OR LATINO,,NO,,,,,1,20.07,1.0
TCGA-06-0147,51,Female,WHITE,NOT HISPANIC OR LATINO,,NO,,,,Unmethylated,1,17.77,1.0
TCGA-06-0148,76,Male,BLACK OR AFRICAN AMERICAN,NOT HISPANIC OR LATINO,,NO,,,,Unmethylated,0,10.09,1.0
TCGA-06-0149,74,Female,WHITE,NOT HISPANIC OR LATINO,80.0,NO,,,,,0,8.61,1.0
TCGA-06-0150,45,Male,WHITE,NOT HISPANIC OR LATINO,,NO,YES,YES,,,1,19.45,1.0
TCGA-06-0151,32,Female,WHITE,NOT HISPANIC OR LATINO,70.0,NO,YES,YES,Wildtype,,1,46.55,1.0
TCGA-06-0152,68,Male,WHITE,NOT HISPANIC OR LATINO,,NO,,,Wildtype,Methylated,1,12.32,1.0
TCGA-06-0154,54,Male,WHITE,NOT HISPANIC OR LATINO,100.0,NO,,,Wildtype,,1,13.93,1.0
TCGA-06-0155,61,Male,WHITE,NOT HISPANIC OR LATINO,80.0,NO,,,Wildtype,Unmethylated,0,10.45,1.0
TCGA-06-0156,57,Male,WHITE,NOT HISPANIC OR LATINO,,NO,,,,,0,5.85,1.0
TCGA-06-0157,63,Female,WHITE,NOT HISPANIC OR LATINO,40.0,NO,,,Wildtype,,0,3.19,1.0
TCGA-06-0158,73,Male,WHITE,NOT HISPANIC OR LATINO,80.0,NO,,,Wildtype,,0,10.81,1.0
TCGA-06-0159,74,Male,WHITE,NOT HISPANIC OR LATINO,90.0,NO,YES,YES,,,0,9.43,1.0
TCGA-06-0160,56,Female,WHITE,NOT HISPANIC OR LATINO,,NO,,YES,,,0,11.79,1.0
TCGA-06-0162,47,Female,WHITE,NOT HISPANIC OR LATINO,60.0,YES,,,,,0,3.42,1.0
TCGA-06-0164,47,Male,ASIAN,NOT HISPANIC OR LATINO,100.0,NO,,,,,1,56.87,1.0
TCGA-06-0165,52,Male,WHITE,NOT HISPANIC OR LATINO,90.0,NO,YES,YES,Wildtype,,0,10.64,1.0
TCGA-06-0166,51,Male,WHITE,NOT HISPANIC OR LATINO,,NO,,,Wildtype,,0,5.85,1.0
TCGA-06-0167,44,Male,BLACK OR AFRICAN AMERICAN,NOT HISPANIC OR LATINO,90.0,NO,YES,YES,Wildtype,,0,11.4,1.0
TCGA-06-0168,59,Female,WHITE,NOT HISPANIC OR LATINO,100.0,NO,,,Wildtype,,1,19.65,1.0
TCGA-06-0169,68,Male,WHITE,NOT HISPANIC OR LATINO,80.0,NO,,,Wildtype,Unmethylated,0,3.29,1.0
TCGA-06-0171,65,Male,WHITE,NOT HISPANIC OR LATINO,100.0,NO,,,Wildtype,Unmethylated,1,13.11,1.0
TCGA-06-0173,72,Female,WHITE,NOT HISPANIC OR LATINO,,NO,,,Wildtype,,0,4.47,1.0
TCGA-06-0174,54,Male,WHITE,NOT HISPANIC OR LATINO,80.0,NO,,,Wildtype,,0,3.22,1.0
TCGA-06-0175,69,Male,WHITE,NOT HISPANIC OR LATINO,100.0,NO,,,,,0,4.04,1.0
TCGA-06-0176,34,Male,ASIAN,NOT HISPANIC OR LATINO,80.0,NO,,,,,1,90.93,0.0
TCGA-06-0177,64,Male,WHITE,NOT HISPANIC OR LATINO,60.0,NO,,,,,0,4.17,1.0
TCGA-06-0178,38,Male,WHITE,NOT HISPANIC OR LATINO,,NO,,,Wildtype,,1,88.07,1.0
TCGA-06-0179,64,Male,WHITE,NOT HISPANIC OR LATINO,60.0,NO,,,,,1,20.24,1.0
TCGA-06-0182,76,Male,WHITE,NOT HISPANIC OR LATINO,60.0,NO,,,,,0,3.65,1.0
TCGA-06-0184,63,Male,WHITE,NOT HISPANIC OR LATINO,80.0,NO,,,Wildtype,,1,69.84,1.0
TCGA-06-0185,54,Male,WHITE,NOT HISPANIC OR LATINO,100.0,NO,,,Wildtype,,1,73.78,0.0
TCGA-06-0187,69,Male,WHITE,NOT HISPANIC OR LATINO,60.0,NO,,,,,1,27.2,1.0
TCGA-06-0188,71,Male,WHITE,NOT HISPANIC OR LATINO,100.0,NO,,,Wildtype,,1,44.55,1.0
TCGA-06-0189,55,Male,WHITE,NOT HISPANIC OR LATINO,,NO,,,Wildtype,,1,15.41,1.0
TCGA-06-0190,62,Male,WHITE,NOT HISPANIC OR LATINO,80.0,NO,,,Wildtype,Unmethylated,0,10.41,1.0
TCGA-06-0192,58,Male,WHITE,NOT HISPANIC OR LATINO,100.0,NO,,,Wildtype,,1,38.93,1.0
TCGA-06-0194,37,Female,WHITE,NOT HISPANIC OR LATINO,,NO,,,,,0,4.66,1.0
TCGA-06-0195,63,Male,WHITE,NOT HISPANIC OR LATINO,100.0,NO,,,Wildtype,,0,7.39,1.0
TCGA-06-0197,65,Female,WHITE,NOT HISPANIC OR LATINO,,NO,,,,,0,5.55,1.0
TCGA-06-0201,51,Female,WHITE,NOT HISPANIC OR LATINO,,NO,,,,,0,0.39,1.0
TCGA-06-0206,40,Male,WHITE,NOT HISPANIC OR LATINO,,NO,,,,,0,7.65,1.0
TCGA-06-0208,52,Female,WHITE,NOT HISPANIC OR LATINO,80.0,NO,,,,,0,8.41,1.0
TCGA-06-0209,76,Male,WHITE,NOT HISPANIC OR LATINO,,NO,,,Wildtype,,0,7.62,1.0
TCGA-06-0210,72,Female,WHITE,NOT HISPANIC OR LATINO,,NO,,,Wildtype,Unmethylated,0,7.39,1.0
TCGA-06-0211,47,Male,WHITE,NOT HISPANIC OR LATINO,100.0,NO,,,Wildtype,Methylated,0,11.83,1.0
TCGA-06-0213,55,Female,WHITE,NOT HISPANIC OR LATINO,,NO,,,Wildtype,,0,0.53,1.0
TCGA-06-0214,66,Male,WHITE,NOT HISPANIC OR LATINO,100.0,NO,,,Wildtype,,1,15.01,1.0
TCGA-06-0216,61,Female,WHITE,NOT HISPANIC OR LATINO,80.0,NO,,,Wildtype,,1,24.15,1.0
TCGA-06-0219,67,Male,WHITE,NOT HISPANIC OR LATINO,,NO,,,Wildtype,,0,0.72,1.0
TCGA-06-0221,31,Male,WHITE,NOT HISPANIC OR LATINO,100.0,NO,,,Mutant,Methylated,1,19.81,1.0
TCGA-06-0237,75,Female,WHITE,NOT HISPANIC OR LATINO,,NO,,,Wildtype,,1,13.63,1.0
TCGA-06-0238,46,Male,WHITE,NOT HISPANIC OR LATINO,80.0,NO,,,Wildtype,,1,13.3,1.0
TCGA-06-0240,57,Male,WHITE,NOT HISPANIC OR LATINO,90.0,NO,YES,YES,Wildtype,,1,20.4,1.0
TCGA-06-0241,65,Female,WHITE,NOT HISPANIC OR LATINO,100.0,NO,,,Wildtype,,1,48.65,1.0
TCGA-06-0394,51,Male,BLACK OR AFRICAN AMERICAN,NOT HISPANIC OR LATINO,,NO,,,,,0,10.81,1.0
TCGA-06-0397,57,Female,WHITE,NOT HISPANIC OR LATINO,,NO,,,,,0,9.0,1.0
TCGA-06-0402,71,Male,WHITE,NOT HISPANIC OR LATINO,,NO,,,,,0,0.26,1.0
TCGA-06-0409,43,Male,BLACK OR AFRICAN AMERICAN,NOT HISPANIC OR LATINO,,NO,,,,,1,72.31,1.0
TCGA-06-0410,76,Female,WHITE,NOT HISPANIC OR LATINO,,NO,,,,,0,4.7,1.0
TCGA-06-0412,56,Female,WHITE,NOT HISPANIC OR LATINO,,NO,,,,,0,9.56,1.0
TCGA-06-0413,77,Female,WHITE,NOT HISPANIC OR LATINO,,NO,,,,,0,3.15,1.0
TCGA-06-0414,63,Male,WHITE,NOT HISPANIC OR LATINO,,NO,,,,,1,35.09,1.0
TCGA-06-0644,71,Male,BLACK OR AFRICAN AMERICAN,NOT HISPANIC OR LATINO,80.0,NO,,,Wildtype,,1,12.61,1.0
TCGA-06-0645,55,Female,WHITE,NOT HISPANIC OR LATINO,,NO,,,Wildtype,,0,5.75,1.0
TCGA-06-0646,60,Male,WHITE,NOT HISPANIC OR LATINO,80.0,NO,,,Wildtype,,0,5.75,1.0
TCGA-06-0648,77,Male,WHITE,NOT HISPANIC OR LATINO,80.0,NO,,,Wildtype,,0,9.79,1.0
TCGA-06-0649,73,Female,BLACK OR AFRICAN AMERICAN,NOT HISPANIC OR LATINO,,NO,,,Wildtype,,0,2.1,1.0
TCGA-06-0650,39,Female,WHITE,NOT HISPANIC OR LATINO,,NO,,,Wildtype,Unmethylated,1,23.55,1.0
TCGA-06-0686,53,Male,WHITE,NOT HISPANIC OR LATINO,,NO,,,Wildtype,,1,14.19,1.0
TCGA-06-0743,69,Male,WHITE,NOT HISPANIC OR LATINO,100.0,NO,,,Wildtype,,1,26.38,1.0
TCGA-06-0744,66,Male,WHITE,NOT HISPANIC OR LATINO,80.0,YES,,,Wildtype,,1,46.85,1.0
TCGA-06-0745,59,Male,WHITE,NOT HISPANIC OR LATINO,80.0,NO,,,Wildtype,,0,7.85,1.0
TCGA-06-0747,53,Male,WHITE,NOT HISPANIC OR LATINO,80.0,NO,,,Wildtype,,0,2.69,1.0
TCGA-06-0749,50,Male,BLACK OR AFRICAN AMERICAN,NOT HISPANIC OR LATINO,,NO,,,Wildtype,,0,2.69,1.0
TCGA-06-0750,43,Male,WHITE,NOT HISPANIC OR LATINO,80.0,NO,,,Wildtype,,0,0.92,1.0
TCGA-06-0875,61,Female,WHITE,NOT HISPANIC OR LATINO,80.0,NO,,,Wildtype,Unmethylated,1,43.43,0.0
TCGA-06-0876,72,Female,BLACK OR AFRICAN AMERICAN,NOT HISPANIC OR LATINO,80.0,NO,,,Wildtype,Methylated,1,46.16,0.0
TCGA-06-0877,78,Male,WHITE,NOT HISPANIC OR LATINO,,NO,,,Wildtype,Methylated,0,5.65,1.0
TCGA-06-0879,52,Male,WHITE,NOT HISPANIC OR LATINO,80.0,NO,,,Wildtype,Methylated,1,40.37,1.0
TCGA-06-0881,50,Male,WHITE,NOT HISPANIC OR LATINO,80.0,NO,,,Wildtype,Unmethylated,1,16.56,1.0
TCGA-06-0882,30,Male,WHITE,NOT HISPANIC OR LATINO,60.0,NO,,,Wildtype,Unmethylated,1,20.76,1.0
TCGA-06-0939,79,Female,WHITE,NOT HISPANIC OR LATINO,80.0,NO,,,Wildtype,Unmethylated,1,26.74,1.0
TCGA-06-1084,54,Male,BLACK OR AFRICAN AMERICAN,NOT HISPANIC OR LATINO,80.0,NO,,,,Methylated,1,23.92,1.0
TCGA-06-1086,42,Male,BLACK OR AFRICAN AMERICAN,NOT HISPANIC OR LATINO,80.0,NO,,,,Unmethylated,0,6.83,1.0
TCGA-06-1087,75,Male,WHITE,NOT HISPANIC OR LATINO,60.0,NO,,,,Unmethylated,0,4.04,1.0
TCGA-06-1800,61,Male,WHITE,NOT HISPANIC OR LATINO,60.0,NO,,,,Methylated,1,26.77,1.0
TCGA-06-1801,56,Female,WHITE,NOT HISPANIC OR LATINO,80.0,NO,,,,Unmethylated,0,11.83,1.0
TCGA-06-1802,61,Male,WHITE,NOT HISPANIC OR LATINO,80.0,NO,,,,Methylated,1,15.31,1.0
TCGA-06-1804,81,Female,WHITE,NOT HISPANIC OR LATINO,,NO,,,Wildtype,Methylated,1,13.6,1.0
TCGA-06-1805,28,Female,WHITE,NOT HISPANIC OR LATINO,80.0,NO,,,,Methylated,1,33.87,0.0
TCGA-06-1806,47,Male,WHITE,NOT HISPANIC OR LATINO,90.0,NO,YES,YES,Wildtype,Unmethylated,1,15.31,1.0
TCGA-06-2557,76,Male,BLACK OR AFRICAN AMERICAN,NOT HISPANIC OR LATINO,40.0,NO,,,Wildtype,Unmethylated,0,1.08,1.0
TCGA-06-2558,75,Female,WHITE,NOT HISPANIC OR LATINO,60.0,NO,,,Wildtype,Unmethylated,1,12.48,1.0
TCGA-06-2559,83,Male,WHITE,NOT HISPANIC OR LATINO,60.0,NO,,,Wildtype,Unmethylated,0,4.93,1.0
TCGA-06-2561,53,Female,WHITE,NOT HISPANIC OR LATINO,80.0,NO,,,Wildtype,Methylated,1,17.64,1.0
TCGA-06-2562,81,Male,WHITE,NOT HISPANIC OR LATINO,80.0,NO,,,Wildtype,Unmethylated,1,12.55,1.0
TCGA-06-2563,72,Female,WHITE,NOT HISPANIC OR LATINO,80.0,NO,,,Wildtype,Methylated,1,30.62,0.0
TCGA-06-2565,59,Male,ASIAN,NOT HISPANIC OR LATINO,100.0,NO,,,Wildtype,Methylated,1,16.62,1.0
TCGA-06-2566,23,Female,WHITE,NOT HISPANIC OR LATINO,80.0,NO,,,,Unmethylated,0,5.98,1.0
TCGA-06-2567,65,Male,WHITE,NOT HISPANIC OR LATINO,80.0,NO,,,Wildtype,Methylated,0,4.37,1.0
TCGA-06-2570,21,Female,WHITE,NOT HISPANIC OR LATINO,100.0,NO,,,Mutant,Methylated,1,31.47,0.0
TCGA-06-5408,54,Female,WHITE,NOT HISPANIC OR LATINO,80.0,NO,,,Wildtype,Unmethylated,0,11.73,1.0
TCGA-06-5410,72,Female,WHITE,NOT HISPANIC OR LATINO,60.0,NO,,,Wildtype,Unmethylated,0,3.55,1.0
TCGA-06-5411,51,Male,WHITE,NOT HISPANIC OR LATINO,80.0,NO,,,Wildtype,Unmethylated,0,8.34,1.0
TCGA-06-5412,78,Female,WHITE,NOT HISPANIC OR LATINO,80.0,NO,,,Wildtype,Unmethylated,0,4.53,1.0
TCGA-06-5418,75,Female,WHITE,NOT HISPANIC OR LATINO,60.0,NO,,,Wildtype,Unmethylated,0,2.73,1.0
TCGA-06-5856,58,Male,WHITE,NOT HISPANIC OR LATINO,,NO,,,Wildtype,Unmethylated,0,3.75,1.0
TCGA-06-6388,64,Female,WHITE,NOT HISPANIC OR LATINO,80.0,NO,,,Wildtype,Unmethylated,0,5.22,1.0
TCGA-06-6390,58,Male,WHITE,NOT HISPANIC OR LATINO,80.0,NO,,,Wildtype,Unmethylated,0,5.39,1.0
TCGA-06-6391,44,Female,WHITE,NOT HISPANIC OR LATINO,,NO,,,Wildtype,Unmethylated,0,1.48,1.0
TCGA-06-6693,64,Female,WHITE,NOT HISPANIC OR LATINO,,NO,,,Wildtype,Unmethylated,1,120.47,1.0
TCGA-06-6694,76,Female,WHITE,NOT HISPANIC OR LATINO,,NO,,,Wildtype,Methylated,0,7.36,1.0
TCGA-06-6697,65,Male,WHITE,NOT HISPANIC OR LATINO,80.0,NO,,,Wildtype,Unmethylated,1,12.84,0.0
TCGA-06-A5U0,21,Female,BLACK OR AFRICAN AMERICAN,NOT HISPANIC OR LATINO,90.0,NO,YES,YES,,Unmethylated,1,26.77,0.0
TCGA-06-A5U1,78,Female,BLACK OR AFRICAN AMERICAN,NOT HISPANIC OR LATINO,,NO,NO,NO,,Unmethylated,0,1.87,1.0
TCGA-06-A6S0,79,Male,BLACK OR AFRICAN AMERICAN,NOT HISPANIC OR LATINO,,NO,YES,NO,,Unmethylated,0,3.12,1.0
TCGA-06-A6S1,53,Female,BLACK OR AFRICAN AMERICAN,NOT HISPANIC OR LATINO,60.0,NO,YES,YES,,Unmethylated,0,2.56,1.0
TCGA-06-A7TK,64,Male,BLACK OR AFRICAN AMERICAN,NOT HISPANIC OR LATINO,70.0,NO,YES,YES,,Methylated,1,14.59,1.0
TCGA-06-A7TL,30,Female,BLACK OR AFRICAN AMERICAN,NOT HISPANIC OR LATINO,100.0,NO,YES,YES,,Methylated,1,17.71,0.0
TCGA-08-0244,62,Male,WHITE,NOT HISPANIC OR LATINO,80.0,NO,,,,,1,22.67,1.0
TCGA-08-0245,31,Female,BLACK OR AFRICAN AMERICAN,NOT HISPANIC OR LATINO,80.0,NO,,,,,1,37.81,1.0
TCGA-08-0246,57,Female,WHITE,NOT HISPANIC OR LATINO,80.0,NO,,,,,0,4.17,1.0
TCGA-08-0344,66,Male,WHITE,NOT HISPANIC OR LATINO,80.0,NO,,,,,1,115.77,1.0
TCGA-08-0345,71,Female,,,60.0,NO,,,,,0,1.74,1.0
TCGA-08-0346,69,Male,,,80.0,NO,,,,,0,8.41,1.0
TCGA-08-0347,50,Male,,,100.0,NO,,,,,1,25.69,1.0
TCGA-08-0348,63,Male,WHITE,NOT HISPANIC OR LATINO,80.0,NO,,,,,1,12.16,1.0
TCGA-08-0349,46,Male,,NOT HISPANIC OR LATINO,,NO,,,,,0,9.79,1.0
TCGA-08-0350,32,Male,WHITE,NOT HISPANIC OR LATINO,80.0,NO,,,,,1,29.2,1.0
TCGA-08-0351,40,Male,WHITE,NOT HISPANIC OR LATINO,80.0,YES,,,,,1,65.28,1.0
TCGA-08-0352,79,Male,WHITE,NOT HISPANIC OR LATINO,,NO,,,,,0,1.28,1.0
TCGA-08-0353,58,Male,WHITE,NOT HISPANIC OR LATINO,80.0,NO,,,,,0,8.41,1.0
TCGA-08-0354,52,Female,WHITE,NOT HISPANIC OR LATINO,60.0,NO,,,,,1,17.94,1.0
TCGA-08-0355,30,Female,WHITE,NOT HISPANIC OR LATINO,100.0,NO,,,,,1,24.54,1.0
TCGA-08-0356,59,Female,WHITE,NOT HISPANIC OR LATINO,80.0,NO,,,,,1,31.08,1.0
TCGA-08-0357,49,Male,WHITE,NOT HISPANIC OR LATINO,80.0,NO,,,,,1,37.55,1.0
TCGA-08-0358,50,Male,WHITE,NOT HISPANIC OR LATINO,80.0,NO,,,,,1,22.27,1.0
TCGA-08-0359,59,Female,WHITE,NOT HISPANIC OR LATINO,,NO,,,,,0,3.38,1.0
TCGA-08-0360,76,Male,WHITE,NOT HISPANIC OR LATINO,80.0,NO,,,,,1,15.37,1.0
TCGA-08-0373,69,Male,,,,NO,,,,,0,4.4,1.0
TCGA-08-0375,51,Female,,,100.0,YES,,,,,1,12.22,1.0
TCGA-08-0380,74,Female,,,80.0,NO,,,,,1,14.91,1.0
TCGA-08-0385,71,Male,,NOT HISPANIC OR LATINO,60.0,NO,,,,,0,2.69,1.0
TCGA-08-0386,74,Male,WHITE,NOT HISPANIC OR LATINO,80.0,NO,,,Wildtype,,1,18.0,1.0
TCGA-08-0389,59,Male,,NOT HISPANIC OR LATINO,80.0,NO,,,,,1,15.34,1.0
TCGA-08-0390,69,Male,WHITE,NOT HISPANIC OR LATINO,60.0,NO,,,,,1,13.96,1.0
TCGA-08-0392,60,Male,WHITE,NOT HISPANIC OR LATINO,,NO,,,,,0,0.72,1.0
TCGA-08-0509,63,Male,BLACK OR AFRICAN AMERICAN,NOT HISPANIC OR LATINO,60.0,NO,,,,,1,12.55,1.0
TCGA-08-0510,75,Male,WHITE,NOT HISPANIC OR LATINO,80.0,NO,,,,,0,4.27,1.0
TCGA-08-0511,69,Male,WHITE,NOT HISPANIC OR LATINO,80.0,NO,,,,,0,7.72,1.0
TCGA-08-0512,48,Male,WHITE,NOT HISPANIC OR LATINO,100.0,NO,,,,,1,42.12,1.0
TCGA-08-0514,69,Female,WHITE,NOT HISPANIC OR LATINO,40.0,NO,,,,,0,11.07,1.0
TCGA-08-0516,14,Male,WHITE,NOT HISPANIC OR LATINO,,NO,,,,,1,19.58,1.0
TCGA-08-0517,34,Female,WHITE,NOT HISPANIC OR LATINO,80.0,NO,,,,,1,58.64,1.0
TCGA-08-0518,60,Female,WHITE,NOT HISPANIC OR LATINO,80.0,NO,,,,,1,19.32,1.0
TCGA-08-0520,70,Male,WHITE,NOT HISPANIC OR LATINO,,NO,,,,,0,10.74,1.0
TCGA-08-0521,17,Male,BLACK OR AFRICAN AMERICAN,HISPANIC OR LATINO,60.0,NO,,,,,0,4.8,1.0
TCGA-08-0522,61,Male,WHITE,,80.0,NO,,,,,1,20.86,1.0
TCGA-08-0524,17,Female,WHITE,NOT HISPANIC OR LATINO,80.0,NO,,,,,0,7.26,1.0
TCGA-08-0525,52,Male,,NOT HISPANIC OR LATINO,80.0,NO,,,,,1,15.97,1.0
TCGA-08-0529,56,Female,,HISPANIC OR LATINO,80.0,NO,,,,,1,18.4,1.0
TCGA-08-0531,64,Male,WHITE,NOT HISPANIC OR LATINO,80.0,NO,,,,,0,7.56,1.0
TCGA-12-0615,78,Female,WHITE,NOT HISPANIC OR LATINO,60.0,NO,,,Wildtype,,1,15.34,1.0
TCGA-12-0616,36,Female,WHITE,NOT HISPANIC OR LATINO,100.0,NO,,,Wildtype,,1,14.72,1.0
TCGA-12-0618,49,Male,WHITE,NOT HISPANIC OR LATINO,60.0,NO,,,Wildtype,,1,12.98,1.0
TCGA-12-0619,60,Male,WHITE,NOT HISPANIC OR LATINO,80.0,NO,,,Wildtype,,1,34.89,1.0
TCGA-12-0620,57,Male,WHITE,NOT HISPANIC OR LATINO,100.0,NO,,,,,0,10.45,1.0
TCGA-12-0653,65,Male,WHITE,NOT HISPANIC OR LATINO,60.0,NO,,,,,0,10.51,1.0
TCGA-12-0654,48,Female,WHITE,NOT HISPANIC OR LATINO,,NO,,,,,0,7.59,1.0
TCGA-12-0656,48,Female,BLACK OR AFRICAN AMERICAN,NOT HISPANIC OR LATINO,80.0,NO,,,,,1,94.71,1.0
TCGA-12-0657,69,Male,WHITE,NOT HISPANIC OR LATINO,,NO,,,,,0,0.1,1.0
TCGA-12-0662,51,Male,WHITE,NOT HISPANIC OR LATINO,80.0,NO,,,,,1,38.14,1.0
TCGA-12-0670,60,Male,WHITE,NOT HISPANIC OR LATINO,100.0,NO,,,,Methylated,1,25.95,1.0
TCGA-12-0688,74,Male,WHITE,NOT HISPANIC OR LATINO,100.0,NO,,,Wildtype,,1,26.64,1.0
TCGA-12-0691,63,Male,WHITE,NOT HISPANIC OR LATINO,100.0,NO,,,,,1,12.12,1.0
TCGA-12-0692,75,Female,WHITE,NOT HISPANIC OR LATINO,60.0,NO,,,Wildtype,,0,3.65,1.0
TCGA-12-0703,46,Male,WHITE,NOT HISPANIC OR LATINO,80.0,NO,,,,,1,20.37,1.0
TCGA-12-0707,55,Male,WHITE,NOT HISPANIC OR LATINO,,NO,,,,,1,28.38,1.0
TCGA-12-0769,52,Male,WHITE,NOT HISPANIC OR LATINO,100.0,NO,,,,,1,15.05,1.0
TCGA-12-0772,46,Male,WHITE,NOT HISPANIC OR LATINO,80.0,NO,,,,,1,53.81,1.0
TCGA-12-0773,24,Male,WHITE,NOT HISPANIC OR LATINO,100.0,NO,,,,,1,43.2,1.0
TCGA-12-0775,75,Female,BLACK OR AFRICAN AMERICAN,NOT HISPANIC OR LATINO,60.0,NO,,,,,0,7.62,1.0
TCGA-12-0776,52,Male,WHITE,NOT HISPANIC OR LATINO,80.0,NO,,,,,0,9.72,1.0
TCGA-12-0778,53,Male,WHITE,NOT HISPANIC OR LATINO,80.0,NO,,,,,1,14.91,1.0
TCGA-12-0780,51,Female,WHITE,NOT HISPANIC OR LATINO,80.0,NO,,,,,1,14.85,1.0
TCGA-12-0818,45,Female,WHITE,NOT HISPANIC OR LATINO,,NO,,,,Methylated,1,91.69,1.0
TCGA-12-0819,49,Female,BLACK OR AFRICAN AMERICAN,NOT HISPANIC OR LATINO,60.0,NO,,,,Unmethylated,1,24.77,1.0
TCGA-12-0820,40,Male,WHITE,NOT HISPANIC OR LATINO,100.0,NO,,,,Methylated,1,18.46,1.0
TCGA-12-0821,62,Male,WHITE,NOT HISPANIC OR LATINO,60.0,NO,,,Wildtype,Unmethylated,0,10.61,1.0
TCGA-12-0822,46,Male,WHITE,NOT HISPANIC OR LATINO,80.0,NO,,,,Unmethylated,1,23.49,1.0
TCGA-12-0826,38,Female,WHITE,NOT HISPANIC OR LATINO,,NO,,,,Unmethylated,1,27.76,1.0
TCGA-12-0827,38,Female,WHITE,NOT HISPANIC OR LATINO,100.0,NO,,,,Methylated,1,38.73,1.0
TCGA-12-0828,57,Male,WHITE,NOT HISPANIC OR LATINO,60.0,NO,,,,Unmethylated,0,8.94,1.0
TCGA-12-0829,75,Male,BLACK OR AFRICAN AMERICAN,NOT HISPANIC OR LATINO,80.0,NO,,,,Methylated,1,20.57,1.0
TCGA-12-1088,53,Female,WHITE,NOT HISPANIC OR LATINO,80.0,NO,,,,Unmethylated,1,127.5,1.0
TCGA-12-1089,64,Male,WHITE,NOT HISPANIC OR LATINO,,NO,,,,Unmethylated,0,5.81,1.0
TCGA-12-1090,58,Male,WHITE,NOT HISPANIC OR LATINO,60.0,NO,,,,Unmethylated,0,7.59,1.0
TCGA-12-1091,10,Female,WHITE,NOT HISPANIC OR LATINO,80.0,NO,,,,Unmethylated,1,33.18,1.0
TCGA-12-1092,58,Male,WHITE,NOT HISPANIC OR LATINO,80.0,NO,,,,Methylated,1,21.71,1.0
TCGA-12-1093,66,Female,WHITE,NOT HISPANIC OR LATINO,80.0,NO,,,,Unmethylated,1,15.97,1.0
TCGA-12-1094,56,Male,WHITE,NOT HISPANIC OR LATINO,100.0,NO,,,,Unmethylated,1,12.22,1.0
TCGA-12-1095,65,Female,WHITE,NOT HISPANIC OR LATINO,100.0,NO,,,,Methylated,1,15.83,1.0
TCGA-12-1096,55,Male,WHITE,NOT HISPANIC OR LATINO,80.0,NO,,,,Methylated,0,9.1,1.0
TCGA-12-1097,61,Male,WHITE,NOT HISPANIC OR LATINO,100.0,NO,,,,Unmethylated,1,14.52,1.0
TCGA-12-1098,75,Female,WHITE,NOT HISPANIC OR LATINO,60.0,NO,,,,Unmethylated,0,3.98,1.0
TCGA-12-1099,68,Female,WHITE,NOT HISPANIC OR LATINO,80.0,NO,,,,Unmethylated,0,4.14,1.0
TCGA-12-1597,62,Female,WHITE,NOT HISPANIC OR LATINO,80.0,NO,,,Wildtype,Unmethylated,1,22.17,1.0
TCGA-12-1598,75,Female,WHITE,NOT HISPANIC OR LATINO,,NO,,,,Methylated,1,15.64,1.0
TCGA-12-1599,47,Female,WHITE,NOT HISPANIC OR LATINO,80.0,NO,,,,Unmethylated,1,25.66,1.0
TCGA-12-1600,86,Male,WHITE,NOT HISPANIC OR LATINO,80.0,NO,,,,Unmethylated,1,14.72,1.0
TCGA-12-1602,58,Male,WHITE,NOT HISPANIC OR LATINO,60.0,NO,,,,Methylated,0,6.77,1.0
TCGA-12-3644,47,Female,WHITE,NOT HISPANIC OR LATINO,60.0,NO,,,,Methylated,1,59.72,1.0
TCGA-12-3646,59,Female,WHITE,NOT HISPANIC OR LATINO,80.0,NO,,,,Unmethylated,1,43.99,1.0
TCGA-12-3648,61,Female,WHITE,NOT HISPANIC OR LATINO,80.0,NO,,,,Unmethylated,1,26.91,1.0
TCGA-12-3649,76,Male,WHITE,NOT HISPANIC OR LATINO,80.0,NO,,,Wildtype,Unmethylated,1,15.21,1.0
TCGA-12-3650,46,Male,WHITE,NOT HISPANIC OR LATINO,80.0,NO,,,Wildtype,Methylated,0,10.94,1.0
TCGA-12-3651,77,Male,WHITE,NOT HISPANIC OR LATINO,80.0,NO,,,,Methylated,1,12.68,1.0
TCGA-12-3652,60,Male,WHITE,NOT HISPANIC OR LATINO,80.0,NO,,,Wildtype,Unmethylated,1,34.89,1.0
TCGA-12-3653,34,Female,WHITE,NOT HISPANIC OR LATINO,80.0,NO,,,Wildtype,Unmethylated,1,14.52,1.0
TCGA-12-5295,60,Female,WHITE,NOT HISPANIC OR LATINO,,NO,,,Wildtype,Unmethylated,1,14.91,1.0
TCGA-12-5299,56,Female,WHITE,NOT HISPANIC OR LATINO,80.0,NO,,,Wildtype,Unmethylated,0,3.22,1.0
TCGA-12-5301,59,Male,WHITE,NOT HISPANIC OR LATINO,80.0,NO,,,Wildtype,Unmethylated,0,2.04,1.0
TCGA-14-0736,49,Male,BLACK OR AFRICAN AMERICAN,,100.0,NO,,,,Unmethylated,1,15.11,1.0
TCGA-14-0740,70,Male,WHITE,,60.0,NO,,,Wildtype,Methylated,0,11.96,1.0
TCGA-14-0781,49,Male,BLACK OR AFRICAN AMERICAN,,,NO,,,Wildtype,Unmethylated,0,0.95,1.0
TCGA-14-0783,36,Female,WHITE,,80.0,NO,,,,Unmethylated,0,6.21,1.0
TCGA-14-0786,50,Female,WHITE,,80.0,NO,,,Wildtype,Methylated,1,23.03,1.0
TCGA-14-0787,69,Male,ASIAN,NOT HISPANIC OR LATINO,60.0,NO,,,Wildtype,Methylated,0,2.23,1.0
TCGA-14-0789,54,Male,WHITE,,40.0,NO,,,Wildtype,Methylated,0,11.24,1.0
TCGA-14-0790,64,Female,WHITE,,60.0,NO,,,Wildtype,Methylated,1,13.76,1.0
TCGA-14-0812,65,Male,WHITE,,40.0,NO,,,,Methylated,0,3.25,1.0
TCGA-14-0813,78,Male,WHITE,,60.0,NO,,,Wildtype,Methylated,0,1.35,1.0
TCGA-14-0817,69,Female,WHITE,,60.0,NO,,,Wildtype,Unmethylated,0,5.39,1.0
TCGA-14-0862,60,Male,WHITE,,40.0,NO,,,Wildtype,Methylated,0,2.89,1.0
TCGA-14-0865,67,Male,WHITE,,60.0,NO,,,,Unmethylated,1,16.49,1.0
TCGA-14-0866,55,Male,WHITE,,80.0,NO,,,,Methylated,1,26.31,1.0
TCGA-14-0867,67,Male,WHITE,,60.0,NO,,,,Methylated,0,2.04,1.0
TCGA-14-0871,74,Female,WHITE,,60.0,NO,,,Wildtype,Unmethylated,1,28.91,1.0
TCGA-14-1034,60,Female,,,60.0,NO,,,Wildtype,Unmethylated,1,15.93,1.0
TCGA-14-1037,66,Female,WHITE,,60.0,NO,,,,Unmethylated,1,19.28,1.0
TCGA-14-1043,61,Male,WHITE,,40.0,NO,,,Wildtype,Unmethylated,0,0.79,1.0
TCGA-14-1395,52,Male,WHITE,,80.0,NO,,,Wildtype,Unmethylated,0,1.38,1.0
TCGA-14-1396,78,Female,WHITE,,60.0,NO,,,,Methylated,0,1.12,1.0
TCGA-14-1401,54,Male,WHITE,,80.0,NO,,,,Unmethylated,0,3.75,1.0
TCGA-14-1402,58,Female,WHITE,,80.0,NO,,,,Methylated,1,32.03,1.0
TCGA-14-1450,57,Female,BLACK OR AFRICAN AMERICAN,,80.0,NO,,,Wildtype,Unmethylated,1,58.74,0.0
TCGA-14-1451,39,Male,WHITE,,80.0,NO,,,,Unmethylated,1,23.09,1.0
TCGA-14-1452,60,Male,WHITE,,80.0,NO,,,,Unmethylated,0,7.1,1.0
TCGA-14-1453,69,Male,WHITE,,60.0,NO,,,,Unmethylated,0,1.15,1.0
TCGA-14-1454,54,Female,WHITE,,60.0,NO,,,,Unmethylated,1,30.16,1.0
TCGA-14-1455,61,Male,WHITE,,,NO,,,,Unmethylated,0,0.92,1.0
TCGA-14-1456,23,Male,WHITE,,80.0,NO,,,Mutant,Unmethylated,1,40.93,0.0
TCGA-14-1458,54,Male,WHITE,,80.0,NO,,,,Methylated,0,6.67,1.0
TCGA-14-1459,63,Female,WHITE,,100.0,NO,,,,Methylated,1,12.42,1.0
TCGA-14-1794,59,Male,,,,NO,,,,Unmethylated,0,0.99,1.0
TCGA-14-1795,66,Male,WHITE,,60.0,NO,,,,Methylated,0,1.97,1.0
TCGA-14-1821,31,Male,WHITE,,80.0,NO,,,,Methylated,1,17.77,1.0
TCGA-14-1823,58,Female,WHITE,,80.0,YES,,,Wildtype,Unmethylated,1,17.84,1.0
TCGA-14-1825,70,Male,WHITE,NOT HISPANIC OR LATINO,80.0,NO,,,Wildtype,Unmethylated,0,7.62,1.0
TCGA-14-1827,51,Male,WHITE,,100.0,NO,,,,Unmethylated,0,5.88,1.0
TCGA-14-2554,52,Female,WHITE,,60.0,NO,,,Wildtype,Unmethylated,1,17.48,1.0
TCGA-14-3476,74,Male,WHITE,,,NO,,,Wildtype,Unmethylated,0,0.39,1.0
TCGA-15-0742,65,Male,WHITE,NOT HISPANIC OR LATINO,80.0,NO,,,Wildtype,,1,13.76,1.0
TCGA-15-1444,21,Male,WHITE,NOT HISPANIC OR LATINO,,NO,YES,YES,Mutant,Unmethylated,1,50.49,1.0
TCGA-15-1446,55,Male,WHITE,,80.0,NO,,,,Unmethylated,1,19.09,0.0
TCGA-15-1447,36,Female,WHITE,,80.0,NO,,,,Methylated,1,53.15,0.0
TCGA-15-1449,65,Male,WHITE,,60.0,YES,,,,Unmethylated,1,13.27,1.0
TCGA-16-0846,85,Male,WHITE,NOT HISPANIC OR LATINO,,NO,,,Wildtype,Methylated,0,3.91,1.0
TCGA-16-0848,57,Male,WHITE,NOT HISPANIC OR LATINO,,NO,,,,Unmethylated,1,17.58,1.0
TCGA-16-0849,54,Male,WHITE,NOT HISPANIC OR LATINO,,NO,,,,Methylated,1,26.05,0.0
TCGA-16-0850,52,Female,WHITE,NOT HISPANIC OR LATINO,,NO,,,,Unmethylated,1,16.36,1.0
TCGA-16-1045,49,Female,WHITE,NOT HISPANIC OR LATINO,,YES,,,Wildtype,Methylated,1,29.01,1.0
TCGA-16-1047,66,Female,,NOT HISPANIC OR LATINO,,YES,,,,Unmethylated,0,4.57,1.0
TCGA-16-1055,48,Male,WHITE,NOT HISPANIC OR LATINO,,NO,,,,Unmethylated,0,10.28,1.0
TCGA-16-1056,55,Male,WHITE,NOT HISPANIC OR LATINO,,NO,,,,Unmethylated,1,13.99,1.0
TCGA-16-1060,70,Female,WHITE,NOT HISPANIC OR LATINO,,NO,,,,Unmethylated,0,9.13,1.0
TCGA-16-1062,57,Female,WHITE,NOT HISPANIC OR LATINO,,NO,,,,Methylated,1,21.22,1.0
TCGA-16-1063,72,Male,WHITE,NOT HISPANIC OR LATINO,,NO,,,,Unmethylated,1,13.96,1.0
TCGA-19-0957,48,Female,WHITE,NOT HISPANIC OR LATINO,,NO,,,,Unmethylated,1,21.88,1.0
TCGA-19-0962,77,Female,WHITE,NOT HISPANIC OR LATINO,40.0,NO,,,,Methylated,0,0.66,1.0
TCGA-19-0963,61,Male,WHITE,NOT HISPANIC OR LATINO,,NO,,,,Unmethylated,1,14.26,1.0
TCGA-19-1385,69,Male,WHITE,NOT HISPANIC OR LATINO,,NO,,,,Unmethylated,0,10.74,1.0
TCGA-19-1386,51,Male,WHITE,NOT HISPANIC OR LATINO,80.0,NO,,,,Methylated,0,9.07,1.0
TCGA-19-1388,58,Male,WHITE,NOT HISPANIC OR LATINO,,NO,,,,Methylated,1,12.94,1.0
TCGA-19-1389,51,Male,WHITE,NOT HISPANIC OR LATINO,80.0,NO,,,,Unmethylated,0,4.63,1.0
TCGA-19-1390,63,Female,WHITE,NOT HISPANIC OR LATINO,60.0,NO,,,Wildtype,Methylated,1,25.36,1.0
TCGA-19-1392,72,Female,WHITE,NOT HISPANIC OR LATINO,60.0,NO,,,,Methylated,0,3.65,1.0
TCGA-19-1787,48,Male,WHITE,NOT HISPANIC OR LATINO,80.0,NO,,,,Unmethylated,1,12.65,1.0
TCGA-19-1788,39,Male,WHITE,NOT HISPANIC OR LATINO,60.0,NO,,,,Methylated,0,3.68,1.0
TCGA-19-1789,69,Female,WHITE,NOT HISPANIC OR LATINO,60.0,NO,,,,Unmethylated,0,3.25,1.0
TCGA-19-1790,56,Male,WHITE,NOT HISPANIC OR LATINO,60.0,NO,,,Wildtype,Unmethylated,0,5.06,1.0
TCGA-19-2620,70,Male,WHITE,NOT HISPANIC OR LATINO,40.0,NO,,,Wildtype,Methylated,0,4.86,1.0
TCGA-19-2621,83,Male,WHITE,NOT HISPANIC OR LATINO,,NO,,,,Methylated,0,1.08,1.0
TCGA-19-2624,51,Male,WHITE,NOT HISPANIC OR LATINO,,NO,,,Wildtype,Unmethylated,0,0.16,1.0
TCGA-19-2625,76,Female,WHITE,NOT HISPANIC OR LATINO,,NO,,,Wildtype,Unmethylated,0,4.07,1.0
TCGA-19-2629,60,Male,WHITE,NOT HISPANIC OR LATINO,,NO,,,Mutant,Unmethylated,1,24.21,1.0
TCGA-19-2631,74,Female,WHITE,NOT HISPANIC OR LATINO,60.0,NO,,,Wildtype,Unmethylated,0,7.0,1.0
TCGA-19-5947,47,Female,BLACK OR AFRICAN AMERICAN,NOT HISPANIC OR LATINO,40.0,YES,,,Wildtype,Unmethylated,0,6.64,1.0
TCGA-19-5950,52,Female,WHITE,NOT HISPANIC OR LATINO,100.0,NO,,,Wildtype,Methylated,1,17.18,1.0
TCGA-19-5951,76,Female,WHITE,NOT HISPANIC OR LATINO,80.0,NO,,,Wildtype,Methylated,0,8.02,1.0
TCGA-19-5952,62,Male,WHITE,NOT HISPANIC OR LATINO,60.0,NO,,,Wildtype,Methylated,1,18.89,1.0
TCGA-19-5953,58,Male,WHITE,NOT HISPANIC OR LATINO,,NO,,,Wildtype,Unmethylated,0,4.73,1.0
TCGA-19-5954,72,Female,WHITE,NOT HISPANIC OR LATINO,60.0,NO,,,Wildtype,Unmethylated,1,12.09,1.0
TCGA-19-5955,83,Male,WHITE,NOT HISPANIC OR LATINO,,NO,,,Wildtype,Unmethylated,0,1.77,1.0
TCGA-19-5956,53,Female,WHITE,NOT HISPANIC OR LATINO,80.0,NO,,,,Unmethylated,1,22.47,1.0
TCGA-19-5958,56,Male,WHITE,NOT HISPANIC OR LATINO,80.0,NO,,,Wildtype,Unmethylated,1,14.06,1.0
TCGA-19-5959,77,Female,WHITE,NOT HISPANIC OR LATINO,80.0,NO,,,Wildtype,Methylated,1,16.79,1.0
TCGA-19-5960,56,Male,WHITE,NOT HISPANIC OR LATINO,80.0,NO,,,Wildtype,Unmethylated,1,14.95,1.0
TCGA-19-A60I,39,Male,BLACK OR AFRICAN AMERICAN,NOT HISPANIC OR LATINO,,NO,YES,YES,,Methylated,1,17.77,0.0
TCGA-19-A6J4,68,Male,BLACK OR AFRICAN AMERICAN,NOT HISPANIC OR LATINO,,NO,,,,Unmethylated,0,3.98,1.0
TCGA-19-A6J5,40,Male,BLACK OR AFRICAN AMERICAN,NOT HISPANIC OR LATINO,100.0,NO,YES,YES,,Methylated,1,28.52,0.0
TCGA-26-1439,63,Male,WHITE,NOT HISPANIC OR LATINO,,NO,,,Wildtype,Unmethylated,1,13.86,1.0
TCGA-26-1442,43,Male,WHITE,NOT HISPANIC OR LATINO,80.0,YES,,,Mutant,Methylated,1,31.31,0.0
TCGA-26-1799,68,Male,WHITE,NOT HISPANIC OR LATINO,60.0,NO,,,,Unmethylated,0,9.36,1.0
TCGA-26-5133,59,Male,WHITE,NOT HISPANIC OR LATINO,80.0,NO,,,Wildtype,Unmethylated,1,14.85,0.0
TCGA-26-5135,72,Female,WHITE,NOT HISPANIC OR LATINO,,NO,,,Wildtype,Unmethylated,0,8.87,1.0
TCGA-26-5136,78,Female,WHITE,NOT HISPANIC OR LATINO,,NO,,,Wildtype,Unmethylated,1,18.96,1.0
TCGA-26-A7UX,47,Male,BLACK OR AFRICAN AMERICAN,NOT HISPANIC OR LATINO,,NO,YES,YES,,Methylated,1,19.32,0.0
TCGA-27-1830,57,Male,WHITE,NOT HISPANIC OR LATINO,80.0,NO,,,Wildtype,Methylated,0,5.06,1.0
TCGA-27-1831,66,Male,WHITE,NOT HISPANIC OR LATINO,80.0,NO,,,Wildtype,Unmethylated,1,16.59,1.0
TCGA-27-1832,59,Female,WHITE,NOT HISPANIC OR LATINO,100.0,NO,,,Wildtype,Unmethylated,0,9.86,1.0
TCGA-27-1833,67,Female,WHITE,NOT HISPANIC OR LATINO,80.0,NO,,,Wildtype,Unmethylated,1,24.21,1.0
TCGA-27-1834,56,Male,WHITE,NOT HISPANIC OR LATINO,80.0,NO,,,Wildtype,Methylated,1,40.51,1.0
TCGA-27-1835,53,Female,WHITE,NOT HISPANIC OR LATINO,80.0,NO,,,Wildtype,Methylated,1,21.29,1.0
TCGA-27-1836,33,Female,WHITE,NOT HISPANIC OR LATINO,80.0,NO,,,Wildtype,Methylated,1,30.03,1.0
TCGA-27-1837,36,Male,WHITE,NOT HISPANIC OR LATINO,80.0,NO,,,Wildtype,Methylated,1,14.03,1.0
TCGA-27-1838,59,Female,WHITE,NOT HISPANIC OR LATINO,80.0,NO,,,Wildtype,Unmethylated,0,11.5,1.0
TCGA-27-2518,52,Male,WHITE,NOT HISPANIC OR LATINO,80.0,NO,,,Wildtype,Unmethylated,1,24.74,1.0
TCGA-27-2519,48,Male,WHITE,NOT HISPANIC OR LATINO,80.0,NO,,,Wildtype,Unmethylated,1,18.07,1.0
TCGA-27-2521,34,Male,WHITE,NOT HISPANIC OR LATINO,80.0,NO,,,Mutant,Methylated,1,16.75,1.0
TCGA-27-2523,63,Male,WHITE,NOT HISPANIC OR LATINO,80.0,NO,,,Wildtype,Methylated,1,16.06,1.0
TCGA-27-2524,56,Male,WHITE,NOT HISPANIC OR LATINO,80.0,NO,,,Wildtype,Unmethylated,0,7.59,1.0
TCGA-27-2526,79,Female,WHITE,NOT HISPANIC OR LATINO,40.0,NO,,,Wildtype,Unmethylated,0,2.86,1.0
TCGA-27-2527,81,Male,WHITE,NOT HISPANIC OR LATINO,80.0,NO,,,Wildtype,Unmethylated,1,14.39,1.0
TCGA-27-2528,62,Male,WHITE,NOT HISPANIC OR LATINO,80.0,NO,,,Wildtype,Unmethylated,1,15.77,1.0
TCGA-28-1747,44,Male,WHITE,NOT HISPANIC OR LATINO,,NO,,,Wildtype,Unmethylated,0,2.53,1.0
TCGA-28-1755,52,Female,WHITE,NOT HISPANIC OR LATINO,60.0,NO,,,,Unmethylated,0,1.54,1.0
TCGA-28-2512,37,Male,WHITE,,90.0,NO,,,,Unmethylated,0,11.27,1.0
TCGA-28-5204,72,Male,WHITE,,80.0,NO,,,Wildtype,Unmethylated,1,14.91,1.0
TCGA-28-5207,71,Male,WHITE,,70.0,NO,,,Wildtype,Unmethylated,0,11.27,1.0
TCGA-28-5208,52,Male,WHITE,,70.0,NO,,,Wildtype,Methylated,1,17.87,1.0
TCGA-28-5209,66,Female,WHITE,,,NO,,,Wildtype,Unmethylated,1,14.52,0.0
TCGA-28-5213,72,Male,WHITE,,80.0,NO,,,Wildtype,Unmethylated,1,31.24,0.0
TCGA-28-5214,53,Male,WHITE,,70.0,NO,,,Wildtype,Unmethylated,1,23.42,1.0
TCGA-28-5215,62,Female,WHITE,,90.0,NO,,,Wildtype,Unmethylated,0,11.01,1.0
TCGA-28-5216,52,Male,WHITE,,80.0,NO,,,Wildtype,Unmethylated,1,13.63,0.0
TCGA-28-5218,63,Male,WHITE,,,NO,,,Wildtype,Unmethylated,0,5.16,1.0
TCGA-28-5219,47,Female,WHITE,,70.0,NO,,,Wildtype,Methylated,1,22.67,0.0
TCGA-28-5220,67,Male,WHITE,,90.0,NO,,,Wildtype,Unmethylated,1,12.75,1.0
TCGA-28-6450,60,Male,WHITE,,,NO,,,Wildtype,Unmethylated,0,5.42,1.0
TCGA-32-1970,59,Male,WHITE,,,NO,,,Wildtype,Unmethylated,1,15.37,1.0
TCGA-32-1973,21,Male,WHITE,HISPANIC OR LATINO,,NO,,,,Methylated,1,21.06,1.0
TCGA-32-1976,65,Male,WHITE,NOT HISPANIC OR LATINO,60.0,NO,,,,Unmethylated,0,0.49,1.0
TCGA-32-1978,57,Male,WHITE,NOT HISPANIC OR LATINO,,NO,,,,Methylated,1,15.83,1.0
TCGA-32-1979,69,Female,WHITE,NOT HISPANIC OR LATINO,,NO,,,Wildtype,Unmethylated,1,19.48,1.0
TCGA-32-1980,72,Male,WHITE,NOT HISPANIC OR LATINO,,NO,,,Wildtype,Unmethylated,0,1.18,1.0
TCGA-32-1982,76,Female,WHITE,NOT HISPANIC OR LATINO,80.0,NO,,,Wildtype,Unmethylated,0,4.66,1.0
TCGA-32-1986,68,Male,WHITE,NOT HISPANIC OR LATINO,20.0,NO,,,Wildtype,Methylated,1,12.68,1.0
TCGA-32-1987,49,Female,WHITE,NOT HISPANIC OR LATINO,,NO,,,,Methylated,1,14.85,1.0
TCGA-32-1991,60,Male,WHITE,NOT HISPANIC OR LATINO,,NO,,,Wildtype,Unmethylated,1,16.92,1.0
TCGA-32-2491,63,Male,WHITE,NOT HISPANIC OR LATINO,,NO,,,Wildtype,Unmethylated,1,12.22,1.0
TCGA-32-2494,58,Female,WHITE,NOT HISPANIC OR LATINO,,NO,,,Wildtype,Unmethylated,1,20.76,1.0
TCGA-32-2495,59,Female,WHITE,NOT HISPANIC OR LATINO,,YES,,,Wildtype,Unmethylated,1,15.01,1.0
TCGA-32-2615,62,Male,WHITE,NOT HISPANIC OR LATINO,80.0,NO,,,Wildtype,Unmethylated,1,15.93,1.0
TCGA-32-2616,48,Female,WHITE,HISPANIC OR LATINO,,NO,,,,Unmethylated,0,7.36,1.0
TCGA-32-2632,80,Male,WHITE,NOT HISPANIC OR LATINO,,NO,,,Wildtype,Unmethylated,0,8.84,1.0
TCGA-32-2634,82,Male,WHITE,NOT HISPANIC OR LATINO,,NO,,,Wildtype,Methylated,1,22.77,0.0
TCGA-32-2638,67,Male,WHITE,NOT HISPANIC OR LATINO,,NO,,,Wildtype,Unmethylated,1,25.16,1.0
TCGA-32-4208,25,Male,WHITE,NOT HISPANIC OR LATINO,,NO,,,Mutant,Methylated,1,21.12,0.0
TCGA-32-4209,40,Male,WHITE,HISPANIC OR LATINO,,YES,,,Wildtype,Unmethylated,1,20.3,1.0
TCGA-32-4210,73,Male,WHITE,NOT HISPANIC OR LATINO,,NO,,,Wildtype,Unmethylated,0,3.71,1.0
TCGA-32-4211,56,Male,WHITE,NOT HISPANIC OR LATINO,,NO,,,Wildtype,Unmethylated,1,12.58,1.0
TCGA-32-4213,47,Female,WHITE,NOT HISPANIC OR LATINO,,NO,,,Wildtype,Unmethylated,1,19.84,0.0
TCGA-32-4719,73,Male,WHITE,NOT HISPANIC OR LATINO,,NO,,,Wildtype,Unmethylated,0,10.84,1.0
TCGA-32-5222,66,Male,WHITE,NOT HISPANIC OR LATINO,,NO,,,Wildtype,Methylated,1,19.22,1.0
TCGA-41-2571,89,Male,WHITE,NOT HISPANIC OR LATINO,60.0,NO,,,Wildtype,Unmethylated,0,0.85,1.0
TCGA-41-2572,67,Male,WHITE,NOT HISPANIC OR LATINO,,NO,,,Wildtype,Unmethylated,1,13.34,1.0
TCGA-41-2575,75,Male,WHITE,NOT HISPANIC OR LATINO,60.0,NO,,,Wildtype,Unmethylated,0,9.53,1.0
TCGA-41-3392,88,Male,WHITE,NOT HISPANIC OR LATINO,,NO,,,Wildtype,Unmethylated,0,0.99,1.0
TCGA-41-3393,81,Female,WHITE,NOT HISPANIC OR LATINO,,NO,,,Wildtype,Unmethylated,0,4.43,1.0
TCGA-41-3915,48,Male,WHITE,NOT HISPANIC OR LATINO,,NO,,,Wildtype,Unmethylated,0,11.83,1.0
TCGA-41-4097,63,Female,WHITE,NOT HISPANIC OR LATINO,,NO,,,Wildtype,Unmethylated,0,0.2,1.0
TCGA-41-5651,59,Female,BLACK OR AFRICAN AMERICAN,NOT HISPANIC OR LATINO,,NO,,,Wildtype,Methylated,1,15.11,1.0
TCGA-41-6646,73,Female,WHITE,NOT HISPANIC OR LATINO,,NO,,,Wildtype,Unmethylated,1,12.45,1.0
TCGA-4W-AA9T,54,Female,BLACK OR AFRICAN AMERICAN,NOT HISPANIC OR LATINO,70.0,NO,YES,YES,,Unmethylated,1,25.56,0.0
TCGA-74-6573,67,Male,,,100.0,NO,,,Wildtype,Methylated,0,3.45,1.0
TCGA-74-6575,73,Female,,,90.0,NO,,,Wildtype,Unmethylated,1,20.89,0.0
TCGA-74-6578,58,Male,,,100.0,NO,,,Wildtype,Unmethylated,1,14.32,0.0
TCGA-76-4925,76,Male,WHITE,NOT HISPANIC OR LATINO,100.0,NO,,,Wildtype,Methylated,0,4.8,1.0
TCGA-76-4926,68,Male,WHITE,,80.0,NO,,,Wildtype,Unmethylated,0,4.53,1.0
TCGA-76-4927,58,Male,WHITE,,80.0,NO,,,Wildtype,Unmethylated,1,17.58,1.0
TCGA-76-4928,85,Female,WHITE,,80.0,NO,,,Wildtype,Unmethylated,0,3.09,1.0
TCGA-76-4929,76,Female,WHITE,NOT HISPANIC OR LATINO,80.0,NO,,,Wildtype,Methylated,0,3.65,1.0
TCGA-76-4931,70,Female,WHITE,,80.0,NO,,,Wildtype,Unmethylated,0,9.17,1.0
TCGA-76-4932,50,Female,WHITE,,80.0,NO,,,Wildtype,Unmethylated,1,47.9,1.0
TCGA-76-4934,66,Female,WHITE,,80.0,NO,,,Wildtype,Unmethylated,0,2.53,1.0
TCGA-76-4935,52,Female,WHITE,,80.0,NO,,,Wildtype,Methylated,1,36.83,1.0
TCGA-76-6191,57,Male,WHITE,,80.0,NO,,,Wildtype,Unmethylated,1,16.69,1.0
TCGA-76-6192,74,Male,WHITE,NOT HISPANIC OR LATINO,80.0,NO,,,Wildtype,Unmethylated,0,3.29,1.0
TCGA-76-6193,78,Male,,,60.0,NO,,,Wildtype,Unmethylated,0,2.69,1.0
TCGA-76-6280,57,Male,WHITE,NOT HISPANIC OR LATINO,80.0,NO,,,Wildtype,Unmethylated,0,11.37,1.0
TCGA-76-6282,63,Male,WHITE,NOT HISPANIC OR LATINO,80.0,NO,,,Wildtype,Unmethylated,1,17.05,1.0
TCGA-76-6283,71,Female,WHITE,NOT HISPANIC OR LATINO,0.0,NO,,,Wildtype,Unmethylated,0,5.42,1.0
TCGA-76-6285,64,Female,WHITE,,80.0,NO,,,Wildtype,Unmethylated,0,8.34,1.0
TCGA-76-6286,60,Male,WHITE,NOT HISPANIC OR LATINO,80.0,NO,,,Wildtype,Unmethylated,1,20.96,1.0
TCGA-76-6656,66,Male,BLACK OR AFRICAN AMERICAN,NOT HISPANIC OR LATINO,60.0,NO,,,Wildtype,Methylated,0,4.83,1.0
TCGA-76-6657,74,Male,WHITE,NOT HISPANIC OR LATINO,80.0,NO,,,Wildtype,Unmethylated,0,5.03,1.0
TCGA-76-6660,73,Male,WHITE,NOT HISPANIC OR LATINO,0.0,NO,,,Wildtype,Unmethylated,0,3.75,1.0
TCGA-76-6661,54,Male,WHITE,,60.0,NO,,,Wildtype,Methylated,1,23.88,1.0
TCGA-76-6662,58,Male,WHITE,NOT HISPANIC OR LATINO,80.0,NO,,,Wildtype,Unmethylated,1,34.43,1.0
TCGA-76-6663,44,Female,WHITE,,80.0,NO,,,Wildtype,Unmethylated,1,18.63,1.0
TCGA-76-6664,49,Female,WHITE,,80.0,NO,,,Wildtype,Unmethylated,1,36.17,0.0
TCGA-81-5910,64,Male,WHITE,,40.0,NO,,,Wildtype,Unmethylated,0,1.61,1.0
TCGA-81-5911,33,Male,WHITE,,,NO,,,Wildtype,Unmethylated,1,17.71,0.0
TCGA-87-5896,50,Female,WHITE,NOT HISPANIC OR LATINO,,NO,,,Wildtype,Methylated,1,26.28,0.0
TCGA-OX-A56R,68,Male,BLACK OR AFRICAN AMERICAN,NOT HISPANIC OR LATINO,,NO,,,,Methylated,0,5.91,1.0
TCGA-RR-A6KA,72,Female,BLACK OR AFRICAN AMERICAN,NOT HISPANIC OR LATINO,,NO,NO,NO,,Methylated,0,6.27,1.0
TCGA-RR-A6KC,55,Male,BLACK OR AFRICAN AMERICAN,NOT HISPANIC OR LATINO,,NO,YES,YES,,Unmethylated,1,20.53,1.0
